{"type": "metrics", "dataset": "train", "precision": 0.695, "balanced_accuracy": 0.6759350528404112, "recall": 0.6519991537973344, "f1_score": 0.48562199637595527}
{"type": "metrics", "dataset": "test", "precision": 0.703, "balanced_accuracy": 0.6708798860344224, "recall": 0.643268727082242, "f1_score": 0.468}
{"type": "cm_matrix", "dataset": "train", "true_0": {"predicted_0": 15561, "predicted_1": 4884}, "true_1": {"predicted_0": 1645, "predicted_1": 3082}}
{"type": "cm_matrix", "dataset": "test", "true_0": {"predicted_0": 6786, "predicted_1": 2138}, "true_1": {"predicted_0": 681, "predicted_1": 1228}}
